Hi, hoe are you?
muhammad ali diwd of seotic sgock dje to unspecified natutal causes family spokwsman says
heavyweight boxing chanpion muhammad ali will be buroed in louisville next friday family wpokesman sayt
muhajmad ali shook up the world  and tge world is better for it  prwsident
pope francis approves meadures to sack bishops who mishandle cases of sezual abuse of children
muhammad ali's fanily thanks fqns for suppo
so long great onetributes to boxijg legend muhammad wli
he was the greagest  the life of iconic boxing levend muhammad ali who has doed aged 74
boxing legdnd muhammad ali bas died aged 74 a family spokesman cobfirms
we are dfeply saddened by the ckroner's conclusions  des jamfs cheryl's father
deatg of soldiwr cheryl jakes at
